Date,CL1 Comdty,HO1 Comdty,GC1 Comdty,SI1 Comdty,LA1 Comdty,HG1 Comdty,C 1 Comdty,CL1 Comdty
1/10/2000,24.67,64.72,282.7,5.19,1636.75,84.65,208.5,24.67
1/17/2000,28.02,73.81,284.9,5.15,1653.5,86.25,219,28.02
1/24/2000,27.83,86.35,288.1,5.293,1724,85.65,227.25,27.83
1/31/2000,27.64,95.2,283.2,5.317,1736.5,84.95,220,27.64
2/7/2000,28.45,75.81,301.9,5.285,1705.5,82.7,221.5,28.45
2/14/2000,30.25,75.7,308.5,5.27,1704.25,84.4,222.25,30.25
2/21/2000,29.51,75.45,305.2,5.283,1624,83.2,220.5,29.51
2/28/2000,30.13,81.67,294.2,5.048,1597,78.1,212,30.13
3/6/2000,32.18,79.45,289.4,5.053,1595.5,79.35,221.75,32.18
3/13/2000,32.02,75.45,291.5,5.064,1580.75,78,223.5,32.02
3/20/2000,29.43,68.08,286.5,5.03,1606.5,79.9,235.75,29.43
3/27/2000,27.79,73.73,280.5,5.093,1568.5,79.5,232.5,27.79
4/3/2000,26.43,67.26,277.6,5.057,1516.25,80.25,234.25,26.43
4/10/2000,23.85,63.16,281.4,5.168,1472,77.55,227,23.85
4/17/2000,25.89,69.47,282.1,5.143,1433,74.35,224,25.89
4/24/2000,26.04,75.29,279.4,4.953,1447.85,76.6,228,26.04
5/1/2000,25.87,67.44,274.8,5.025,1490.5,79.5,235.5,25.87
5/8/2000,28.09,69.58,277.6,5.02,1448.5,83.35,233.25,28.09
5/15/2000,29.92,77.25,276.4,5.023,1452.5,83.55,238.75,29.92
5/22/2000,28.61,76.12,276.2,5.015,1504.75,82.85,241,28.61
5/29/2000,30,76.39,272.2,4.937,1480.5,83.05,233.5,30
6/5/2000,29.7,74.67,285.4,5.075,1442,80.2,224.25,29.7
6/12/2000,31.74,77.87,286.5,5.042,1448.25,79.45,208.25,31.74
6/19/2000,31.69,73.56,285.6,5.043,1565.75,82.8,205.5,31.69
6/26/2000,31.63,80.08,283.6,4.985,1587.5,82.3,194.25,31.63
7/3/2000,32.5,84.14,291.5,5.033,1564.5,81.55,183.25,32.5
7/10/2000,29.69,77.93,284.9,5.006,1549.5,81.35,180.5,29.69
7/17/2000,30.83,79.26,284.2,5.018,1570,84.05,179.25,30.83
7/24/2000,28.02,75.35,279.3,4.946,1580.25,86.4,184.5,28.02
7/31/2000,27.43,77.93,276.8,5.038,1552.5,87.45,180.25,27.43
8/7/2000,28.91,78.21,273.1,4.97,1539.75,87.1,177.75,28.91
8/14/2000,31.94,87.34,274.4,4.908,1519.5,86.7,175.75,31.94
8/21/2000,32.47,92.32,275.1,4.868,1522.75,85.4,176.25,32.47
8/28/2000,32.87,99.88,274,4.935,1541.5,86,179.5,32.87
9/4/2000,33.38,97.64,278.3,5.004,1578.25,88.9,182.5,33.38
9/11/2000,35.14,104.98,274,4.885,1615.25,91.3,184.75,35.14
9/18/2000,36.88,104.15,272.1,4.876,1612.75,91.85,189.5,36.88
9/25/2000,31.57,94.07,274.4,4.915,1612,92.7,193.25,31.57
10/2/2000,32.18,96.05,273.1,4.955,1552.75,89.9,199.25,32.18
10/9/2000,31.86,95.49,270.1,4.93,1513.25,89.65,201.5,31.86
10/16/2000,32.92,97.23,271.5,4.923,1524.75,89.4,206.75,32.92
10/23/2000,33.76,99.9,270.1,4.82,1502.5,86.75,203.25,33.76
10/30/2000,32.81,96.33,265.8,4.77,1466.5,84.45,200.5,32.81
11/6/2000,32.86,91.69,266,4.785,1474.75,82.75,213.5,32.86
11/13/2000,34.47,101.63,265.3,4.688,1455.25,82.1,211.25,34.47
11/20/2000,35.22,109.62,266.8,4.655,1467,82.5,211,35.22
11/27/2000,35.38,108.52,270.3,4.698,1518.5,84.2,210.5,35.38
12/4/2000,31.22,100.84,270.7,4.714,1517.75,86.05,209.75,31.22
12/11/2000,29.5,98.27,270.2,4.656,1628.5,88.95,207,29.5
12/18/2000,29.76,92.21,269.7,4.575,1609.75,87.45,223.25,29.76
12/25/2000,26.18,87.8,273.7,4.611,1566,86,226.75,26.18
1/1/2001,26.8,90.66,273.6,4.635,1572.5,84.3,231.75,26.8
1/8/2001,27.32,82.58,269,4.59,1580.25,82.85,225.75,27.32
1/15/2001,30.05,84.21,264.6,4.655,1632.5,84.15,219.25,30.05
1/22/2001,32.19,87.9,267,4.805,1607.5,84.75,215.25,32.19
1/29/2001,29.06,81.2,262.8,4.823,1655,83.25,208.25,29.06
2/5/2001,30.55,81.11,265.2,4.698,1628.25,82.5,212,30.55
2/12/2001,30.51,80.08,260.7,4.56,1620,81.75,210.25,30.51
2/19/2001,29.16,76.01,258.2,4.49,1618.5,82.5,212,29.16
2/26/2001,28.42,74.7,265.8,4.445,1567,80.45,209.25,28.42
3/5/2001,28.6,74.08,263.5,4.416,1571.5,83.35,215.5,28.6
3/12/2001,28,73.16,272.3,4.409,1524.5,82.1,214.5,28
3/19/2001,26.15,67.82,260.1,4.295,1475.5,79.1,209,26.15
3/26/2001,27.48,76.1,262.1,4.359,1480.25,77.7,209.75,27.48
4/2/2001,25.59,67.43,255.6,4.315,1467.5,76.05,208.25,25.59
4/9/2001,27.28,73.58,258.3,4.315,1472.75,76,210.75,27.28
4/16/2001,28.79,81.87,263.3,4.44,1492.25,76.9,212,28.79
4/23/2001,27.61,75.15,263.7,4.44,1523,75.8,196.5,27.61
4/30/2001,28.46,74.34,264.4,4.32,1561,76.65,199.25,28.46
5/7/2001,27.77,74.72,266.5,4.294,1579,77.65,200.75,27.77
5/14/2001,28.71,75.25,268.7,4.332,1566.75,74.7,195.5,28.71
5/21/2001,29.98,81.22,285.8,4.526,1546.2,79.5,194,29.98
5/28/2001,28.38,78.18,278.2,4.563,1536.25,78.6,191.25,28.38
6/4/2001,28.13,75.92,264.9,4.335,1490.5,75.2,195.75,28.13
6/11/2001,29.04,78.27,267.9,4.338,1476,73.15,198.75,29.04
6/18/2001,27.55,77.1,272.4,4.422,1462.25,72.05,190.5,27.55
6/25/2001,27.25,73.89,273.7,4.298,1450.5,71.4,184.5,27.25
7/2/2001,25.95,71.08,270.1,4.277,1465.75,71.2,191,25.95
7/9/2001,27.59,72.79,267,4.213,1419,70.15,203.75,27.59
7/16/2001,26.06,68.81,267.4,4.187,1428,70.2,216.25,26.06
7/23/2001,26.12,68.39,269.1,4.239,1445.5,68.15,209.25,26.12
7/30/2001,26.63,70.59,264.6,4.208,1419.25,67.85,217,26.63
8/6/2001,27.74,72.56,267.1,4.192,1408,67.1,212.5,27.74
8/13/2001,27.82,74.19,275.7,4.147,1386.5,65.7,224.75,27.82
8/20/2001,27.18,71.35,276.1,4.153,1417,67.65,212.5,27.18
8/27/2001,26.67,75.01,272.6,4.197,1439.5,69.45,217.75,26.67
9/3/2001,27.2,76.63,275.1,4.162,1399.25,67.85,219,27.2
9/10/2001,27.63,79.61,272.3,4.156,1380,65.15,214.25,27.63
9/17/2001,28.81,80.7,290.3,4.383,1387.25,65.05,221.75,28.81
9/24/2001,22.01,61.06,289.7,4.57,1342.5,65.3,215.75,22.01
10/1/2001,23.28,65.99,292.2,4.67,1333.25,65.05,210.5,23.28
10/8/2001,22.45,64.45,292.5,4.67,1311.75,64.35,215.5,22.45
10/15/2001,22.29,63.11,282.1,4.393,1299.75,63.95,206,22.29
10/22/2001,21.76,62.62,275.5,4.235,1275.5,62.5,204.25,21.76
10/29/2001,22.15,62.44,279.1,4.243,1274.75,63.1,203.5,22.15
11/5/2001,20.02,57.56,279.5,4.098,1254.25,61.6,202.75,20.02
11/12/2001,21.23,60.1,278.6,4.118,1309.5,65.8,206,21.23
11/19/2001,17.72,52.38,272.9,4.058,1381,68.3,209.25,17.72
11/26/2001,18.69,52.17,272.5,4.028,1385.75,68.3,203.75,18.69
12/3/2001,20.09,55.77,276.9,4.2,1397.25,70.4,209.75,20.09
12/10/2001,18.37,50.66,272.2,4.225,1329.5,67.6,209,18.37
12/17/2001,19.22,53.81,277.7,4.36,1317.25,67.4,215.5,19.22
12/24/2001,19.62,54.84,278,4.465,1360.25,67.65,211.5,19.62
12/31/2001,19.84,55.07,279,4.588,1342.5,65.9,209,19.84
1/7/2002,21.48,57.19,278.9,4.667,1407,71.5,211.5,21.48
1/14/2002,18.89,51.66,285.7,4.515,1388,70.8,211,18.89
1/21/2002,18,51.41,283.4,4.345,1373.75,69.85,211.75,18
1/28/2002,20.05,53.13,278.5,4.25,1350.75,70.05,207.5,20.05
2/4/2002,20.07,53.81,289.3,4.295,1370.5,72.85,206,20.07
2/11/2002,21.41,56.19,300.1,4.415,1363.25,72.75,205.25,21.41
2/18/2002,21.5,55.89,298.4,4.538,1366.25,73.4,205,21.5
2/25/2002,20.48,52.51,292.7,4.368,1364.5,70.6,202,20.48
3/4/2002,22.45,58.45,297.1,4.587,1412.5,73.65,199.25,22.45
3/11/2002,24.31,63.45,291.3,4.472,1422.75,74.05,204,24.31
3/18/2002,25.11,66.48,292.3,4.492,1419.5,76,206.25,25.11
3/25/2002,24.99,64.16,297.4,4.572,1367,73.35,203.75,24.99
4/1/2002,26.88,68.69,303.2,4.7,1389.5,76.45,203.5,26.88
4/8/2002,26.54,69.3,300.5,4.57,1355.25,72.3,201.5,26.54
4/15/2002,24.57,63.34,300,4.45,1352,71.6,196,24.57
4/22/2002,26.27,65.81,303,4.543,1396.25,74.35,198.75,26.27
4/29/2002,27.57,69.2,311.5,4.636,1384.5,73.4,192.5,27.57
5/6/2002,26.12,64.98,311.5,4.596,1350,71,194,26.12
5/13/2002,28.38,69.45,310.9,4.596,1344.75,73.2,209.75,28.38
5/20/2002,28.33,68.99,316,4.769,1327.75,72.2,211.5,28.33
5/27/2002,25.88,65.95,320.7,4.857,1334.75,73.5,205,25.88
6/3/2002,25.08,63.5,326.7,5.08,1381,77.55,209.5,25.08
6/10/2002,24.29,62.33,318.7,4.912,1385,78.05,206.75,24.29
6/17/2002,26.09,66.49,317.4,4.823,1356.25,76.1,208,26.09
6/24/2002,26.47,66.64,324.3,4.867,1330,74.05,218,26.47
7/1/2002,26.81,68.02,314.4,4.867,1373.25,76.8,232.75,26.81
7/8/2002,26.07,66.8,312.5,4.96,1352,75.6,223.25,26.07
7/15/2002,27.07,69.55,319.9,5.101,1353.15,73.35,227.25,27.07
7/22/2002,26.6,67.11,323.4,5.033,1326.65,70.1,246,26.6
7/29/2002,26.55,66.6,301.5,4.636,1321.75,69.5,231,26.55
8/5/2002,26.58,66.64,307.8,4.633,1281.75,67.2,253.5,26.58
8/12/2002,27.86,69.46,314.1,4.593,1287.75,67.85,260.75,27.86
8/19/2002,29.84,73.39,306,4.405,1289.75,67.45,266,29.84
8/26/2002,29.28,75.11,309.4,4.438,1301.75,68.85,263.25,29.28
9/2/2002,28.98,74.82,312.8,4.437,1300.5,68.7,259.5,28.98
9/9/2002,29.73,78.62,321.7,4.579,1328.25,68.9,278.75,29.73
9/16/2002,29.67,78.37,317.5,4.549,1317.25,68.1,278,29.67
9/23/2002,30.71,80.57,323.1,4.627,1294.75,67.05,254.25,30.71
9/30/2002,30.45,80.18,323.9,4.548,1284,66.6,251.5,30.45
10/7/2002,29.64,79.16,321.9,4.45,1285.75,66.5,260,29.64
10/14/2002,30.03,80.89,317.8,4.31,1316.25,67.1,245.5,30.03
10/21/2002,28.37,76.29,310.9,4.352,1333.75,70.35,254.25,28.37
10/28/2002,27.29,73.08,315.2,4.412,1342.5,71.35,247.5,27.29
11/4/2002,26.95,73.33,318.7,4.487,1376.25,72.85,244.25,26.95
11/11/2002,25.94,68.85,321.6,4.572,1392,72.1,235.75,25.94
11/18/2002,26.71,72.28,319.4,4.537,1379.5,72.8,243.75,26.71
11/25/2002,26.11,75.04,317.9,4.473,1377.5,73.6,243.25,26.11
12/2/2002,27.24,77.39,317.6,4.422,1383.25,75.65,240.25,27.24
12/9/2002,27.2,75.82,325.8,4.6,1375,73.05,232,27.2
12/16/2002,30.1,85.64,337,4.702,1393,72.3,238.75,30.1
12/23/2002,31.75,89.62,345.1,4.653,1376,71.35,242.75,31.75
12/30/2002,31.37,86.74,344.1,4.673,1364,70.4,235.75,31.37
1/6/2003,32.1,88.79,352.1,4.91,1345.75,73.9,235.75,32.1
1/13/2003,32.26,88.38,355.1,4.84,1346.25,75.25,230.5,32.26
1/20/2003,33.91,89.86,356.8,4.81,1382.75,75.8,232.75,33.91
1/27/2003,32.29,93.43,369.4,4.835,1409.25,76,235,32.29
2/3/2003,32.76,91.81,370.8,4.835,1427.25,78.9,236.75,32.76
2/10/2003,34.48,104.43,363.7,4.6,1437,77.55,241.5,34.48
2/17/2003,36.8,106.07,351.9,4.535,1407.5,75.55,240.25,36.8
2/24/2003,36.48,114.67,356.3,4.715,1422.5,78.65,230.75,36.48
3/3/2003,35.88,103.6,349.3,4.657,1423.25,78.75,233.5,35.88
3/10/2003,37.27,108.57,354.8,4.668,1394.5,75.25,237.25,37.27
3/17/2003,34.93,91.57,337.2,4.439,1381.75,76.8,229.75,34.93
3/24/2003,28.66,78.37,329.5,4.359,1378.75,76.55,229,28.66
3/31/2003,31.04,79.24,335.9,4.465,1343.5,71.45,236.5,31.04
4/7/2003,27.96,71.64,321.5,4.423,1325.5,72.85,243.25,27.96
4/14/2003,28.63,74.75,324.2,4.538,1326.25,72.45,239.25,28.63
4/21/2003,30.87,80.08,333.5,4.535,1364.75,72.9,238.75,30.87
4/28/2003,25.49,73.14,334.5,4.58,1340.75,71.4,231.75,25.49
5/5/2003,26.49,70.51,342.6,4.802,1356,71.35,239,26.49
5/12/2003,27.35,70.82,351.9,4.861,1400.5,74.75,252.75,27.35
5/19/2003,28.83,72.92,364.4,4.812,1404,76.05,246.75,28.83
5/26/2003,29.16,74.4,368.8,4.639,1406.5,76.4,243.75,29.16
6/2/2003,30.71,76.59,366,4.508,1454,79,241.5,30.71
6/9/2003,31.45,77.9,361.8,4.518,1411.15,77,236.25,31.45
6/16/2003,31.18,74.39,359,4.612,1388,76.1,240.5,31.18
6/23/2003,29.17,75.04,353,4.558,1394.75,76.7,239.5,29.17
6/30/2003,30.19,78.08,346.3,4.557,1392,74.8,228.5,30.19
7/7/2003,30.13,77.48,348.4,4.728,1423,76.65,227,30.13
7/14/2003,31.27,80.62,347.8,4.79,1443.75,79.4,223,31.27
7/21/2003,31.78,79.58,351,4.744,1402.5,77.3,208.25,31.78
7/28/2003,30.11,77.38,364.9,5.19,1454.5,80.45,209.75,30.11
8/4/2003,31.84,83.47,349.2,5.02,1460.5,80.95,209.5,31.84
8/11/2003,32.01,83.54,361.7,5,1434.25,80.65,209.5,32.01
8/18/2003,30.89,79.49,358.4,4.927,1452,79.6,228.75,30.89
8/25/2003,31.56,82.4,361.3,4.992,1442,80.45,227.25,31.56
9/1/2003,31.57,81.87,375.8,5.109,1440.5,80.3,233.25,31.57
9/8/2003,28.85,75.86,375.2,5.089,1431.5,82.4,233,28.85
9/15/2003,28.14,74.7,374.6,5.193,1402.5,81.55,227,28.14
9/22/2003,26.96,70.19,387.2,5.265,1429.75,82.6,227.75,26.96
9/29/2003,28.4,75.6,382.4,5.075,1417,82.4,226,28.4
10/6/2003,30.47,81.24,372.7,4.815,1428.75,83.75,221.25,30.47
10/13/2003,31.95,87.24,375.2,4.98,1483.75,88.75,217.5,31.95
10/20/2003,30.35,82.34,374,5.005,1507,91.15,213.75,30.35
10/27/2003,29.92,80.86,387.9,5.192,1501.5,90.75,235.25,29.92
11/3/2003,28.9,78.55,377.1,4.927,1504.25,93.3,240,28.9
11/10/2003,30.88,83.22,386.7,5.09,1496.5,92.8,232.75,30.88
11/17/2003,31.73,85.94,391.5,5.227,1527.5,91.8,238.25,31.73
11/24/2003,29.74,82.03,391.5,5.245,1520,90.45,234.75,29.74
12/1/2003,29.95,83.4,402.7,5.445,1546,95.55,246.5,29.95
12/8/2003,32.1,90.54,406.6,5.54,1543.5,96.65,246.75,32.1
12/15/2003,33.18,92.06,409.2,5.639,1547.75,99.8,253.5,33.18
12/22/2003,31.87,89.41,410.6,5.709,1561.25,100.9,246.25,31.87
12/29/2003,32.4,90.13,414.8,5.917,1583.75,104.2,242.75,32.4
1/5/2004,33.78,96.84,424.8,6.245,1601.25,108.7,253,33.78
1/12/2004,34.72,100.77,426.6,6.617,1593.25,108.25,265.5,34.72
1/19/2004,35.07,98.06,407,6.33,1606.75,109.4,272.5,35.07
1/26/2004,34.47,99.32,406.7,6.312,1623.5,111.65,281.25,34.47
2/2/2004,34.98,94.48,398.7,6.043,1634.25,114.4,271.25,34.98
2/9/2004,32.83,87.96,406.8,6.428,1656.5,118.6,284.25,32.83
2/16/2004,34.56,94.27,410.3,6.582,1701.75,124.35,282.5,34.56
2/23/2004,34.35,88.51,399,6.49,1700,131.35,287.25,34.35
3/1/2004,36.86,94.79,399.6,6.928,1731.75,139.45,296,36.86
3/8/2004,36.57,89.9,400.9,6.974,1651.5,129.2,286.5,36.57
3/15/2004,37.44,91.69,399.6,7.128,1641.75,134.7,307.5,37.44
3/22/2004,37.11,91.37,417.6,7.618,1653.5,135.5,318.5,37.11
3/29/2004,35.45,88.47,417.1,7.615,1666.25,135.95,305,35.45
4/5/2004,34.38,85.38,415.4,8.117,1721.25,130.95,329.5,34.38
4/12/2004,37.84,94.24,420.1,8.03,1734.25,128.85,322.25,37.84
4/19/2004,37.42,94.27,400.6,7.21,1810.5,135.9,311.25,37.42
4/26/2004,36.97,93.27,396,6.173,1710,124.15,301.25,36.97
5/3/2004,38.21,96.79,387.5,6.016,1658.25,122.8,318,38.21
5/10/2004,38.93,97.96,378.7,5.756,1548,116.75,295.5,38.93
5/17/2004,41.55,104.28,379.6,5.668,1608.75,114.45,295.25,41.55
5/24/2004,41.72,104.86,385.7,5.99,1651.75,123.25,296,41.72
5/31/2004,39.88,99.92,394,6.11,1683.75,127.75,304,39.88
6/7/2004,38.66,98.92,393.7,5.9,1672.75,126.55,300.25,38.66
6/14/2004,37.59,98.24,383.6,5.658,1629.25,115.25,288.25,37.59
6/21/2004,37.63,99.32,394,5.86,1722,119.5,274.5,37.63
6/28/2004,36.24,97.5,401,5.898,1718.5,120.75,271.25,36.24
7/5/2004,38.39,107.27,398.7,5.998,1730.5,122,255.25,38.39
7/12/2004,39.5,106.06,408.4,6.528,1732.75,127.75,244.5,39.5
7/19/2004,41.64,110.55,405.8,6.587,1743,130.85,237,41.64
7/26/2004,41.44,111.33,390.3,6.234,1663.25,124.95,223.25,41.44
8/2/2004,43.82,116.42,391.7,6.62,1693.5,130.55,218.25,43.82
8/9/2004,44.84,118.56,400.7,6.737,1654.5,124.15,227,44.84
8/16/2004,46.05,120.28,402.9,6.737,1718,131.55,222.25,46.05
8/23/2004,46.05,121.47,410.5,6.745,1703.25,124.15,234.25,46.05
8/30/2004,42.28,111.95,408.4,6.705,1691,126.2,224.5,42.28
9/6/2004,43.99,117.69,401,6.553,1648.75,124.05,223.5,43.99
9/13/2004,43.87,120.52,404.5,6.183,1695.25,128.5,210.25,43.87
9/20/2004,46.35,126.59,405.5,6.252,1753.5,131.9,212.75,46.35
9/27/2004,49.64,136.8,409.1,6.529,1815,138.55,207.75,49.64
10/4/2004,49.91,138.56,414,6.765,1838.25,139.7,202.75,49.91
10/11/2004,53.64,147.07,422,7.252,1887,146.85,204.75,53.64
10/18/2004,53.67,150.97,416.2,6.987,1833.5,128.4,204,53.67
10/25/2004,54.54,156.53,429,7.38,1755.5,127.65,205.25,54.54
11/1/2004,50.13,140.76,428.2,7.33,1833.5,130.75,200,50.13
11/8/2004,49.09,136.64,433.4,7.487,1813,136.15,198,49.09
11/15/2004,46.87,134.31,437.3,7.572,1816,138.75,202.5,46.87
11/22/2004,48.64,144.49,449,7.572,1783.5,140.9,197.5,48.64
11/29/2004,49.76,144.37,453.7,7.77,1848.25,144.5,193.25,49.76
12/6/2004,42.98,124.97,454.2,7.916,1826,143.35,197.75,42.98
12/13/2004,41.01,125.7,438.9,6.793,1780,143.6,197.25,41.01
12/20/2004,45.64,139.88,442.4,6.83,1860,149.05,206.5,45.64
12/27/2004,41.32,121.08,445.2,6.973,1930,150,207.5,41.32
1/3/2005,42.12,119.22,429.7,6.507,1963.5,147.35,201.75,42.12
1/10/2005,45.33,127.63,419.7,6.45,1816.25,136.95,206.75,45.33
1/17/2005,48.38,135.09,423,6.6,1834.25,139.6,197.25,48.38
1/24/2005,48.81,140.32,427.1,6.86,1846,143,197.75,48.81
1/31/2005,48.2,133.08,421.8,6.747,1868,143.5,197,48.2
2/7/2005,45.28,123.06,413.6,6.555,1822.25,138.85,196.25,45.28
2/14/2005,47.44,129.44,425.8,7.34,1844.25,143.95,200.5,47.44
2/21/2005,48.35,134.93,427.1,7.39,1937,149.2,200,48.35
2/28/2005,51.75,149.14,437.6,7.359,1929,150,214.5,51.75
3/7/2005,53.89,148.5,435.8,7.359,1991.5,149.45,205.5,53.89
3/14/2005,54.95,153.6,441.6,7.38,2021,147.5,214.5,54.95
3/21/2005,56.62,157.35,431.4,7.097,1988,148.9,214.5,56.62
3/28/2005,54.05,154.76,426,6.91,1941,146.05,212.75,54.05
4/4/2005,57.01,164.22,423.9,7.024,1949,149.5,209.75,57.01
4/11/2005,53.71,148.71,428.6,7.255,1977.5,152.5,205.75,53.71
4/18/2005,50.37,144.23,427.5,7.045,1877,144.5,204.25,50.37
4/25/2005,54.57,151.81,434.6,7.26,1833.5,148.95,213.25,54.57
5/2/2005,50.92,146.32,430.5,6.84,1822.75,149.6,200.5,50.92
5/9/2005,52.03,144.02,426.9,7.067,1775.25,147.65,199.75,52.03
5/16/2005,48.61,135.03,419.3,6.935,1710,142.25,207,48.61
5/23/2005,49.16,136.65,416.9,6.95,1734,148.85,224.5,49.16
5/30/2005,51.85,144.58,419.8,7.31,1740.75,145.1,221.25,51.85
6/6/2005,54.49,161.65,426.5,7.54,1763.5,156.4,220.75,54.49
6/13/2005,55.62,166.31,429.3,7.265,1698.25,153.95,215,55.62
6/20/2005,59.37,166.18,438.4,7.302,1785.5,158.75,235.5,59.37
6/27/2005,60.54,167.61,440.3,7.242,1730.5,159.8,221.5,60.54
7/4/2005,58.75,171.11,428.8,6.851,1683.25,153.65,216.5,58.75
7/11/2005,58.92,168.18,426.3,7.069,1803.25,162.4,226.75,58.92
7/18/2005,57.32,163.16,421,6.974,1822.75,163.05,260,57.32
7/25/2005,59,160.66,425.9,7.113,1822.75,165.8,230.5,59
8/1/2005,61.57,171.69,431.9,7.305,1854.25,166.3,231.75,61.57
8/8/2005,63.94,178.94,434.7,7.015,1849.5,164.65,222,63.94
8/15/2005,66.27,186.92,442.2,6.965,1895.25,170.75,210.5,66.27
8/22/2005,65.45,181.16,438.1,7.06,1912,168.5,212.5,65.45
8/29/2005,67.2,190.88,437,6.73,1879.25,167.65,204.75,67.2
9/5/2005,67.57,209.11,445.4,7.008,1855,174.7,203.5,67.57
9/12/2005,63.34,181.43,450.7,6.998,1843,171.9,198.5,63.34
9/19/2005,67.39,203.84,467.3,7.338,1783.25,173.95,206.25,67.39
9/26/2005,65.82,205.86,466.2,7.307,1874.5,184.1,204.5,65.82
10/3/2005,65.47,208.09,466.1,7.455,1847.5,175.9,208.75,65.47
10/10/2005,61.8,197.18,475.1,7.845,1891.25,180.6,202,61.8
10/17/2005,64.36,198.33,474.1,7.875,1943,182.1,203.75,64.36
10/24/2005,60.32,179.73,465,7.708,1933.25,178.45,199.5,60.32
10/31/2005,59.76,176.98,466.9,7.58,1996,181.1,196.25,59.76
11/7/2005,59.47,178.61,460.4,7.605,2018.5,184.75,194.75,59.47
11/14/2005,57.69,173.04,469.1,7.782,2061.25,191.35,196.75,57.69
11/21/2005,57.7,170.95,489.5,8.133,2074.5,197.35,191.5,57.7
11/28/2005,57.36,163.56,498.3,8.353,2124.5,201.6,187.75,57.36
12/5/2005,59.91,178.96,508.9,8.632,2229,216.6,193.5,59.91
12/12/2005,61.3,177.25,528.4,8.792,2236.5,215.55,194.25,61.3
12/19/2005,57.34,170.33,503.6,8.567,2250,215.95,208.75,57.34
12/26/2005,58.43,170.53,503,8.569,2284,223.05,214,58.43
1/2/2006,61.04,172.8,518.9,8.89,2284.25,204.2,215.75,61.04
1/9/2006,63.5,176.77,550.5,9.283,2314,209.7,211,63.5
1/16/2006,63.92,171.5,557,9.165,2219,211.25,213.5,63.92
1/23/2006,68.1,184.09,558.7,9.073,2424,211.95,208.25,68.1
1/30/2006,68.35,183.38,565.8,9.775,2493.5,222.95,217.75,68.35
2/6/2006,65.11,176.28,570.2,9.758,2638.5,233,222.75,65.11
2/13/2006,61.24,163.86,539,9.118,2444,223.4,220.75,61.24
2/20/2006,59.88,165.74,551.8,9.42,2357,220.1,226.5,59.88
2/27/2006,61,168.26,557,9.602,2337.75,214.05,227.5,61
3/6/2006,62.41,175.77,556.8,9.953,2412.25,220.1,223,62.41
3/13/2006,61.77,173.78,547.5,10.093,2389.5,225.15,220.5,61.77
3/20/2006,60.42,174.17,556.1,10.307,2476,234.4,218.25,60.42
3/27/2006,64.16,178.11,567.4,10.848,2538,247.5,221.75,64.16
4/3/2006,66.74,186.22,589.4,11.765,2497.5,254.75,236.5,66.74
4/10/2006,68.74,194.54,597.6,12.56,2542.75,270.9,241.25,68.74
4/17/2006,70.4,202.29,615.4,13.365,2471,289.5,236.5,70.4
4/24/2006,73.33,203.17,620.6,11.775,2719,311.1,232.75,73.33
5/1/2006,73.7,205.88,660.2,13.852,2742,345.3,238,73.7
5/8/2006,69.77,195.45,679.9,13.677,2914.5,360.55,227,69.77
5/15/2006,69.41,194.5,685,13.246,2950,386.9,260,69.41
5/22/2006,69.23,193.26,657.7,12.355,2750,364,254.5,69.23
5/29/2006,71.37,198.05,651,12.675,2776.5,401.5,254,71.37
6/5/2006,72.6,204.27,643.2,12.295,2554.5,360.1,253,72.6
6/12/2006,70.36,199.13,606.8,11.065,2460.5,322.85,247.5,70.36
6/19/2006,68.98,189.48,568.8,9.97,2458.75,315.25,229.75,68.98
6/26/2006,71.8,197.89,584.8,10.24,2519.25,332.4,223,71.8
7/3/2006,73.93,202.86,616,10.833,2572.75,346.25,243.25,73.93
7/10/2006,73.61,196.45,626.1,11.03,2524,367.7,247.75,73.61
7/17/2006,75.3,201.94,651.9,11.01,2549.5,371.45,251.75,75.3
7/24/2006,75.05,196.99,613.2,10.87,2469.25,348.35,239,75.05
7/31/2006,74.4,196.79,634.2,11.37,2535,357,239,74.4
8/7/2006,76.98,214.35,647.8,12.265,2508,361.05,239.75,76.98
8/14/2006,73.53,201.47,628.5,12.16,2410.5,353.7,222,73.53
8/21/2006,72.45,203.27,625.7,12.345,2453.75,351.95,221,72.45
8/28/2006,70.61,196.59,615.3,12.025,2456.5,345.45,224.5,70.61
9/4/2006,69.19,196.74,626.6,12.955,2454,347.5,230,69.19
9/11/2006,65.61,180.54,591.6,11.108,2450.75,343.4,228.75,65.61
9/18/2006,63.8,172.57,587.2,11.175,2372,341.8,247.75,63.8
9/25/2006,61.45,165.64,590.4,11.217,2492,344.75,254.75,61.45
10/2/2006,61.03,170.18,597.7,11.64,2539.75,342.95,267.75,61.03
10/9/2006,59.96,172.97,578.4,11.42,2603.25,341.3,289.5,59.96
10/16/2006,59.94,175.65,594.7,11.91,2496,358.1,316.75,59.94
10/23/2006,58.81,166.9,579.7,11.67,2724,345.1,318.25,58.81
10/30/2006,58.36,160.15,607.4,12.25,2828,335.85,329.5,58.36
11/6/2006,60.02,171.84,627.9,12.76,2794.5,333.7,343.5,60.02
11/13/2006,58.58,166,625.8,12.885,2599,307.5,342.5,58.58
11/20/2006,58.8,167.08,622.1,12.74,2649.5,304.15,360,58.8
11/27/2006,60.32,170.52,640.6,13.49,2693.5,318.75,371.5,60.32
12/4/2006,62.44,180.89,645.2,14.061,2811.75,315.7,362.75,62.44
12/11/2006,61.22,172.43,630,13.85,2810,312,355.5,61.22
12/18/2006,62.21,172.07,614,12.382,2679,301.7,365.75,62.21
12/25/2006,62.41,168.2,619.1,12.508,2837.5,283,384,62.41
1/1/2007,61.05,159.79,638,12.935,2838,287.1,390.25,61.05
1/8/2007,56.09,155.71,609.4,12.36,2666,252.8,363.5,56.09
1/15/2007,52.99,150.36,626.9,12.88,2609,260.3,396.5,52.99
1/22/2007,51.13,150.84,634.1,13,2818,252.95,404.25,51.13
1/29/2007,54.01,154.89,643.2,13.25,2775,254.2,400,54.01
2/5/2007,58.74,167.56,650.9,13.56,2801,241.65,402,58.74
2/12/2007,57.81,164.54,662.6,13.715,2756,247.75,404.75,57.81
2/19/2007,59.39,167.34,668.8,13.99,2733,264.4,417,59.39
2/26/2007,61.39,175.62,686.5,14.69,2913,285.55,425.5,61.39
3/5/2007,60.07,172.48,639.2,12.64,2666,265.8,417.25,60.07
3/12/2007,58.91,168.23,650.3,12.985,2757,284.4,399.75,58.91
3/19/2007,56.59,168.84,654.3,13.147,2785,301.75,398,56.59
3/26/2007,62.91,177.61,663.9,13.34,2716,312.45,391,62.91
4/2/2007,65.94,186.25,665.7,13.35,2750.5,317.9,354.75,65.94
4/9/2007,61.51,181.57,671.9,13.81,2824.5,350.6,363.5,61.51
4/16/2007,63.61,185.93,690.1,14.08,2810,353.95,364.25,63.61
4/23/2007,65.89,189.43,690.6,14.05,2847.5,363.25,352.25,65.89
4/30/2007,65.71,191.35,683.5,13.445,2845.5,354.15,358,65.71
5/7/2007,61.47,180.29,690.4,13.527,2866,371.05,369.5,61.47
5/14/2007,62.46,186.68,670.1,13.142,2829,349.2,358,62.46
5/21/2007,66.27,195.09,663.8,13.057,2859.5,340.6,381,66.27
5/28/2007,65.2,193.91,655.3,12.935,2773,332.7,376,65.2
6/4/2007,66.21,196.46,670.7,13.745,2793.5,346.8,383.75,66.21
6/11/2007,65.97,192.91,654.3,13.275,2675.5,335.6,396,65.97
6/18/2007,69.09,203.42,655.8,13.235,2654,341.8,416,69.09
6/25/2007,69.18,204.24,651.3,12.877,2683,339.7,357.75,69.18
7/2/2007,71.09,206.18,659.2,12.622,2720,353.55,330.5,71.09
7/9/2007,72.19,209.28,662.5,12.714,2766.75,364.85,332.5,72.19
7/16/2007,74.15,205.56,666.3,12.968,2738,358.85,334.75,74.15
7/23/2007,74.89,205.61,681.5,13.244,2781.5,369,310,74.89
7/30/2007,76.83,206.51,664.1,12.903,2708.75,358.85,323.5,76.83
8/6/2007,72.06,193.93,671.5,13.033,2595.5,347.35,325.75,72.06
8/13/2007,71.62,196.65,669.7,12.855,2530,344.1,331,71.62
8/20/2007,71.12,198.09,656.7,11.735,2434.25,315.95,331.75,71.12
8/27/2007,71.97,200.97,666.8,11.765,2524.75,334.95,335.75,71.97
9/3/2007,74.04,204.22,675.8,12.063,2429,341.1,324,74.04
9/10/2007,77.49,217.16,705.6,12.532,2373.5,326.4,329.75,77.49
9/17/2007,80.57,222.87,717.1,12.739,2337.25,341.75,352.25,80.57
9/24/2007,80.95,223.06,732.5,13.497,2365.5,362.7,373.5,80.95
10/1/2007,80.24,218.07,747.2,13.855,2478.5,369.15,368.75,80.24
10/8/2007,79.02,215.96,732.8,13.36,2338,361.3,339.75,79.02
10/15/2007,86.13,230.72,757.9,13.855,2440.75,368.2,362,86.13
10/22/2007,87.56,231.09,755.8,13.555,2495.5,348.65,364.5,87.56
10/29/2007,93.53,246.46,789.1,14.43,2488,352.1,376,93.53
11/5/2007,93.98,254.39,810.8,14.785,2569.5,330.2,375.25,93.98
11/12/2007,94.62,258.21,807.7,14.762,2525.25,310.9,379,94.62
11/19/2007,94.64,260.42,778,14.16,2458,298.35,377.5,94.64
11/26/2007,97.7,270.66,826.5,14.83,2471,302.3,385.75,97.7
12/3/2007,89.31,251.11,788.3,14.011,2413.25,306.1,386,89.31
12/10/2007,87.86,247.74,807.7,14.674,2407.5,306.1,400.5,87.86
12/17/2007,90.63,259.79,794.8,13.826,2355.75,287.3,438.75,90.63
12/24/2007,94.13,259.47,812.8,14.52,2373.5,314.7,444,94.13
12/31/2007,95.98,264.44,838,14.92,2366,304.1,455.5,95.98
1/7/2008,95.09,259.35,862,15.29,2421.5,314.1,466.25,95.09
1/14/2008,94.2,258.92,903.4,16.425,2501,333.9,512,94.2
1/21/2008,90.57,250.74,881.7,16.215,2381.75,323.45,498.25,90.57
1/28/2008,90.99,252.65,927.1,16.75,2480.5,318.95,502.25,90.99
2/4/2008,90.02,248.33,904.9,16.78,2627.5,329.85,510.5,90.02
2/11/2008,93.59,260.44,922.9,17.47,2652,355.85,503.5,93.59
2/18/2008,95.5,264.69,902.8,17.118,2787,352.3,514.75,95.5
2/25/2008,99.23,278.53,937.6,18.085,2873,373.95,533.25,99.23
3/3/2008,102.45,284.08,984.2,20.073,3103.75,393.1,555.5,102.45
3/10/2008,107.9,297.34,971.8,19.698,3101.25,380.85,555.5,107.9
3/17/2008,105.68,306.84,1002.6,20.222,2908.5,371.2,539.25,105.68
3/24/2008,100.86,296.31,918.7,17.067,2815.75,365.5,524.75,100.86
3/31/2008,101.58,304.92,916.2,17.31,2951.25,383.1,567.25,101.58
4/7/2008,109.09,308.43,922.7,18.12,2951.25,397.95,590,109.09
4/14/2008,111.76,320.29,925.4,17.79,2995.5,389.65,591.75,111.76
4/21/2008,117.48,331.14,914.7,17.36,3007.5,386.6,580.25,117.48
4/28/2008,118.75,329.88,892.9,17.013,2976.75,393.55,600,118.75
5/5/2008,119.97,330.65,874.1,16.746,2884,397.85,582,119.97
5/12/2008,124.23,355.98,884.9,17.158,2885.5,378.4,603.5,124.23
5/19/2008,127.05,367.51,905.8,16.974,2950.5,379.55,586.75,127.05
5/26/2008,132.19,386.56,925.8,18.241,2970,375.5,599.75,132.19
6/2/2008,127.76,372.2,892.9,16.91,2891.25,359.65,615.75,127.76
6/9/2008,134.35,387.7,894.7,17.21,2909.25,361.3,657.25,134.35
6/16/2008,134.61,382.74,883.6,17.232,2929,366.55,732.5,134.61
6/23/2008,136.74,379.64,884.8,16.79,3104.75,380.95,724.25,136.74
6/30/2008,140,390.29,928.3,17.42,3073.5,389.55,724.75,140
7/7/2008,141.37,396.96,928.8,17.838,3263.25,386.5,716.5,141.37
7/14/2008,145.18,406.49,973.7,19.175,3259.75,376.95,657,145.18
7/21/2008,131.04,374.79,963.7,18.362,3011.5,371,589.25,131.04
7/28/2008,124.73,356.2,927.7,17.417,2979,370.95,582,124.73
8/4/2008,121.41,335.01,900.1,17.14,2839.75,344,535.5,121.41
8/11/2008,114.45,311.95,821.5,14.62,2783.5,329.15,497.25,114.45
8/18/2008,112.87,308.48,799.7,13.1,2703,331.5,553,112.87
8/25/2008,115.11,315.14,819.8,13.37,2752.25,348.15,580.25,115.11
9/1/2008,115.46,318.19,831.2,13.607,2662.25,342.95,568.25,115.46
9/8/2008,106.34,301.31,798.5,11.99,2604.25,310.9,533,106.34
9/15/2008,95.71,279.12,783.8,11.075,2520.5,318.4,562,95.71
9/22/2008,120.92,304.3,904.3,13.4,2509.5,326.6,558.5,120.92
9/29/2008,96.37,276.04,888.2,13.025,2400,290.65,513,96.37
10/6/2008,87.81,247.4,862.7,11.285,2207,249.3,424,87.81
10/13/2008,81.19,234.1,838.9,10.79,2188.5,231.25,411.5,81.19
10/20/2008,74.25,220.99,787.6,9.69,2088.5,211.65,418.5,74.25
10/27/2008,63.22,191.44,741.7,9.195,1995.75,180.5,385.25,63.22
11/3/2008,63.91,198.28,726.8,9.75,2004.5,184,403,63.91
11/10/2008,62.41,200.56,746.5,10.22,1933.5,175.2,383.5,62.41
11/17/2008,54.95,179.1,742,9.33,1839.5,165.65,385.75,54.95
11/24/2008,54.5,178.44,819.5,10.355,1762,167.35,354.5,54.5
12/1/2008,49.28,161.51,774.6,9.35,1694.5,160.35,332.75,49.28
12/8/2008,43.71,149.04,767.4,9.94,1475.5,147.8,314.25,43.71
12/15/2008,44.51,146.01,835.4,10.589,1454.5,138.5,375.25,44.51
12/22/2008,39.91,134.15,846.2,10.829,1532.5,131.7,381.75,39.91
12/29/2008,40.02,128.53,874.6,10.783,1483,129.7,393.5,40.02
1/5/2009,48.81,157.63,857.8,11.27,1521,145.9,411.25,48.81
1/12/2009,37.59,147.24,821,10.75,1482.25,148.85,380.75,37.59
1/19/2009,36.51,147.34,839.9,11.215,1388,152.75,391,36.51
1/26/2009,45.73,142.7,908.8,12.11,1356.75,158.65,393.75,45.73
2/2/2009,40.08,134.24,906.7,12.415,1362,143.1,370.5,40.08
2/9/2009,39.56,135.23,892.4,12.83,1412.75,161.3,377.5,39.56
2/16/2009,37.51,130,941.5,13.625,1312.5,153.85,363.25,37.51
2/23/2009,38.44,117.54,994.6,14.45,1261,143.7,351.75,38.44
3/2/2009,40.15,115.12,940,13.05,1287.25,150.75,343.5,40.15
3/9/2009,47.07,121.54,918,12.95,1267.25,162.95,357.25,47.07
3/16/2009,47.35,121.3,922,12.905,1323,173.95,391.5,47.35
3/23/2009,53.8,147.07,952.5,13.862,1417,183.2,395.5,53.8
3/30/2009,48.41,134.26,915.5,13.033,1362.25,176.6,386.25,48.41
4/6/2009,51.05,141.91,871.5,12.11,1431,195.9,405.5,51.05
4/13/2009,50.05,139.8,894.7,12.768,1500.25,212.55,387.5,50.05
4/20/2009,45.88,133.16,887,12.105,1414.25,210.35,369.5,45.88
4/27/2009,50.14,132.29,907.4,12.955,1417.25,198.65,372.25,50.14
5/4/2009,54.47,143.45,902.2,13.093,1509.25,214.5,398,54.47
5/11/2009,58.5,150.09,913.5,13.89,1504.25,209.35,413.5,58.5
5/18/2009,59.03,147.57,921.7,13.81,1483.5,207.55,421.5,59.03
5/25/2009,61.67,153.8,958.9,14.683,1416.5,210.25,430.25,61.67
6/1/2009,68.58,177.65,978.6,15.735,1444.25,231.9,445.75,68.58
6/8/2009,68.09,176.79,951.7,14.955,1592.75,225.3,435,68.09
6/15/2009,70.62,181.56,926.9,14.03,1580.5,228.5,406,70.62
6/22/2009,66.93,172.75,920.6,13.705,1550.25,213.2,385.25,66.93
6/29/2009,71.49,178.35,940.7,13.947,1612.5,231.25,377,71.49
7/6/2009,64.05,162.66,924.3,13.227,1590.5,225.05,343.25,64.05
7/13/2009,59.69,150.38,922.5,12.785,1531.75,221.3,359,59.69
7/20/2009,63.98,168.94,948.8,13.62,1693.75,246,323.25,63.98
7/27/2009,68.38,179.66,953.5,13.985,1811,254,322.25,68.38
8/3/2009,71.58,187.13,956.6,14.252,1951,273.85,358,71.58
8/10/2009,70.6,192.76,945,14.355,1939.5,277.05,324.25,70.6
8/17/2009,66.75,182.65,934.3,13.975,1926,277.05,314.25,66.75
8/24/2009,74.37,192.34,942.3,14.195,1902.5,291.5,329.5,74.37
8/31/2009,69.96,177.92,952.2,14.898,1873.5,280.8,326.25,69.96
9/7/2009,68.02,172.05,995.4,16.263,1835.25,284.35,300.5,68.02
9/14/2009,68.86,174.22,1000.2,16.601,1800.5,278.7,305,68.86
9/21/2009,69.71,175.17,1003.9,16.858,1861.75,279.25,316,69.71
9/28/2009,66.84,169.09,992.5,16.173,1808,271.4,338.75,66.84
10/5/2009,70.41,179.16,1016.7,16.535,1761.25,272.7,341.5,70.41
10/12/2009,73.27,189.44,1056.7,17.82,1914,285.7,381.25,73.27
10/19/2009,79.61,205.22,1057.3,17.625,1909.5,296.65,386.25,79.61
10/26/2009,78.68,203.35,1042.1,17.095,1971,301.1,378,78.68
11/2/2009,78.13,204.6,1054,16.44,1887,294.5,382.25,78.13
11/9/2009,79.43,206.27,1101.4,17.48,1920.75,296.75,386,79.43
11/16/2009,78.9,203.2,1139.2,18.4,1997,310.35,402.25,78.9
11/23/2009,77.56,197.99,1164.7,18.61,2011.5,313.55,387.25,77.56
11/30/2009,77.28,201.81,1181.1,18.495,2034.5,314.85,402.75,77.28
12/7/2009,73.93,200.97,1163.4,18.336,2126.75,318.5,368.75,73.93
12/14/2009,69.51,190.82,1123.3,17.326,2222,313,392,69.51
12/21/2009,72.47,194.52,1095.4,17.02,2245.25,314.05,400,72.47
12/28/2009,78.77,207.35,1107.2,17.543,2230.75,331.65,416,78.77
1/4/2010,81.51,219.05,1118.3,17.463,2238.75,340.6,418.5,81.51
1/11/2010,82.52,218.01,1151.4,18.695,2298.25,344.1,422.5,82.52
1/18/2010,78,204.6,1130.5,18.427,2273.75,336.6,371.5,78
1/25/2010,75.26,196.58,1095.7,17.145,2219.75,339.3,367.75,75.26
2/1/2010,74.43,195.49,1104.3,16.66,2059,308.35,359,74.43
2/8/2010,71.89,188.55,1065.7,15.085,1983.5,291.3,356,71.89
2/15/2010,74.13,191.89,1089.5,15.447,2021.5,308.25,361.5,74.13
2/22/2010,80.16,207.88,1112.6,16.222,2126.5,330.65,371.5,80.16
3/1/2010,78.7,202.35,1118.3,16.449,2116,333.3,370.75,78.7
3/8/2010,81.87,210.55,1124,17.252,2203,339.65,364.5,81.87
3/15/2010,79.8,205.76,1105.4,17.083,2193.8,330.7,363.25,79.8
3/22/2010,81.25,208.37,1099.5,16.92,2233.25,337.25,370.75,81.25
3/29/2010,82.17,211.88,1110.3,17.373,2260,352.95,357,82.17
4/5/2010,86.62,226.75,1132.9,18.118,2327.9,363.15,345.75,86.62
4/12/2010,84.34,221.89,1161.6,18.414,2387,356.45,348.25,84.34
4/19/2010,81.45,215.68,1135.2,17.731,2336.5,349.7,347.75,81.45
4/26/2010,84.2,223.71,1153.5,18.337,2292.25,352.8,352.25,84.2
5/3/2010,86.19,234.51,1183.3,18.813,2231,327.85,362.75,86.19
5/10/2010,76.8,212.02,1200.8,18.53,2117.75,321.5,363,76.8
5/17/2010,70.08,198.52,1228.1,18.835,1965,292.3,356,70.08
5/24/2010,70.21,189.93,1194,17.982,2059.25,313.65,371,70.21
5/31/2010,73.97,198.02,1212.2,18.422,2017,310.45,359,73.97
6/7/2010,71.44,196.83,1239.3,18.162,1837.5,276.6,335.75,71.44
6/14/2010,75.12,202.59,1223.3,18.411,1963.25,299.2,353.75,75.12
6/21/2010,77.82,214.59,1239.7,18.808,1941,294.2,355,77.82
6/28/2010,78.25,209.33,1238.2,18.678,2012.75,307.15,333.75,78.25
7/5/2010,72.14,191.55,1207.7,17.698,1916.75,290.4,364,72.14
7/12/2010,74.95,199.13,1198.7,17.897,1953.75,299.95,371.25,74.95
7/19/2010,76.54,201.7,1181.9,17.534,1950.5,293.25,381.5,76.54
7/26/2010,78.98,204.26,1183.1,18.195,2045,322.5,364,78.98
8/2/2010,81.34,215.38,1183.4,18.419,2213,338.95,390.5,81.34
8/9/2010,81.48,215.38,1200.7,18.242,2175.75,335.4,403,81.48
8/16/2010,75.24,198.88,1224.5,18.427,2113.5,327.95,407.25,75.24
8/23/2010,73.1,195.54,1226.9,17.992,2024,329.15,417.25,73.1
8/30/2010,74.7,202.52,1238,19.038,2041.75,341.3,425.5,74.7
9/6/2010,74.6,205.73,1249.8,19.915,2168.25,349.35,449.75,74.6
9/13/2010,77.19,212.27,1245.6,20.11,2098.75,347.15,469.25,77.19
9/20/2010,74.86,213.94,1279.3,20.777,2177,349.6,508.25,74.86
9/27/2010,76.52,212.28,1296.9,21.455,2270.25,359.35,512.75,76.52
10/4/2010,81.47,228.47,1315.4,22.036,2337.5,366.4,471.5,81.47
10/11/2010,82.21,227.9,1353.3,23.349,2367.75,378.95,555.75,82.21
10/18/2010,83.08,227.61,1371.2,24.413,2374.75,385.5,557.25,83.08
10/25/2010,82.52,225.5,1338.3,23.544,2350.75,386.3,568.75,82.52
11/1/2010,82.95,227.77,1350.6,24.552,2346.75,378.5,577.25,82.95
11/8/2010,87.06,239.77,1403.2,27.432,2406.75,395.65,585.25,87.06
11/15/2010,84.86,237.09,1368.5,26.092,2375.25,392.5,555.5,84.86
11/22/2010,81.74,226.86,1357.8,27.461,2267.75,375.15,515.25,81.74
11/29/2010,85.73,235.81,1366,27.148,2248.5,375.8,538.25,85.73
12/6/2010,89.38,247.57,1415.3,29.705,2282.75,400.4,553.75,89.38
12/13/2010,88.61,246.52,1397.3,29.599,2311.5,419.95,575.25,88.61
12/20/2010,88.81,248.95,1385.5,29.335,2368,420.05,599.5,88.81
12/27/2010,91,251.66,1382.4,29.235,2403.5,427.5,615.25,91
1/3/2011,91.55,255.28,1422.9,31.125,2459.25,445.75,620.5,91.55
1/10/2011,89.25,255.61,1374.1,28.861,2471,426.45,607,89.25
1/17/2011,91.54,264.52,1360.5,28.32,2415.25,441.2,648.75,91.54
1/24/2011,87.87,261.93,1344.5,27.321,2396.75,434.85,655.25,87.87
1/31/2011,92.19,274.68,1333.8,28.169,2514.75,445.85,659.5,92.19
2/7/2011,87.48,270.61,1347.6,29.343,2534.5,457.5,674.75,87.48
2/14/2011,84.81,275.04,1364.6,30.534,2491.25,462.85,695.75,84.81
2/21/2011,86.2,271.29,1388.2,32.296,2557.5,448.2,709.75,86.2
2/28/2011,96.97,292.58,1409.9,33.804,2575.5,447.8,722.5,96.97
3/7/2011,105.44,306.57,1434.5,35.855,2527,431.3,710.75,105.44
3/14/2011,101.19,306.38,1424.9,35.825,2525,417.35,664,101.19
3/21/2011,102.33,305.25,1426.4,36.002,2552.5,427.55,686.5,102.33
3/28/2011,103.98,302.49,1419.9,37.097,2590.5,434.05,671,103.98
4/4/2011,108.47,317.14,1432.2,38.494,2607,425.5,760.25,108.47
4/11/2011,109.92,325.25,1467.4,40.612,2660.25,446,776,109.92
4/18/2011,107.12,318.28,1492.3,42.956,2655.75,419.8,751.75,107.12
4/25/2011,112.28,318.2,1508.6,47.149,2742,430.3,762.5,112.28
5/2/2011,113.52,325.21,1557.1,46.078,2763.75,418.25,730.75,113.52
5/9/2011,102.55,296.18,1503.2,37.11,2612,400.4,704.5,102.55
5/16/2011,97.37,287.44,1490.6,34.129,2560.75,398.3,697.5,97.37
5/23/2011,97.7,284.71,1515.4,34.901,2459,399,754,97.7
5/30/2011,100.59,299.05,1536.3,37.863,2613,418.6,758.5,100.59
6/6/2011,99.01,301.74,1546.5,36.782,2642.75,414.2,732,99.01
6/13/2011,97.3,310.58,1515,34.737,2559.75,403.45,782.5,97.3
6/20/2011,93.26,293.2,1541.5,36.071,2511.75,407.35,700.5,93.26
6/27/2011,90.61,276.49,1496,33.585,2487.5,405.15,660.75,90.61
7/4/2011,94.94,292.45,1482.6,33.694,2485.75,429.2,640.75,94.94
7/11/2011,95.15,308.75,1549.2,35.689,2449.5,435.85,681.5,95.15
7/18/2011,95.93,307.77,1602.4,40.333,2467,439.6,696.25,95.93
7/25/2011,99.2,310.78,1612.2,40.354,2601.5,440.15,678.75,99.2
8/1/2011,94.89,309.74,1619,39.309,2563.75,441,681.25,94.89
8/8/2011,81.31,280.17,1710.2,39.38,2356.25,396.15,675.25,81.31
8/15/2011,87.88,294.41,1755.5,39.307,2339.5,403.2,707.25,87.88
8/22/2011,84.12,291.07,1888.7,43.325,2313.25,395.55,720.5,84.12
8/29/2011,87.27,301.02,1788.4,40.546,2352.75,408.9,756.25,87.27
9/5/2011,86.45,299.74,1874.4,43.02,2357,410.7,750.25,86.45
9/12/2011,88.19,294.75,1810.6,40.164,2340.5,395.05,734.25,88.19
9/19/2011,85.7,294.47,1776.7,39.11,2306,377.15,692.25,85.7
9/26/2011,80.24,279.15,1592.7,29.927,2179.25,327.5,648,80.24
10/3/2011,77.61,275.29,1656,30.795,2174,315.05,592.5,77.61
10/10/2011,85.41,290.39,1669.6,31.98,2226.5,336.8,605,85.41
10/17/2011,86.38,301.36,1675.5,31.821,2191.75,337.8,640.5,86.38
10/24/2011,91.27,305.46,1651.5,31.644,2205,344.9,651,91.27
10/31/2011,93.19,304.29,1725.2,34.354,2202.25,363.2,647,93.19
11/7/2011,95.52,311.98,1791.1,34.828,2104,353.55,653.25,95.52
11/14/2011,98.14,316.22,1778.4,34.024,2145.75,348.8,633.5,98.14
11/21/2011,96.92,299.43,1678.6,31.116,2057,330.3,597.75,96.92
11/28/2011,98.21,296.99,1710.8,32.161,2026,336.05,591.75,98.21
12/5/2011,100.99,299.24,1730.7,32.306,2133,360.4,580.25,100.99
12/12/2011,97.77,289.61,1664.2,30.935,2012,345.45,585.5,97.77
12/19/2011,93.88,278.04,1594.4,28.822,1947.75,330.1,601,93.88
12/26/2011,99.68,289.07,1604.7,29.046,1998,346.35,619.5,99.68
1/2/2012,98.83,293.5,1566.8,27.915,1997,343.6,646.5,98.83
1/9/2012,101.31,307.3,1608.1,28.782,2085.25,341.6,652,101.31
1/16/2012,98.7,302.72,1630.8,29.522,2127.5,363.7,599.5,98.7
1/23/2012,99.58,300.98,1678.3,32.27,2214,379.85,620,99.58
1/30/2012,98.78,305.18,1731,33.527,2252,382.65,631.75,98.78
2/6/2012,96.91,317.07,1722.8,33.75,2185.75,386.45,644.25,96.91
2/13/2012,100.91,316,1723,33.722,2169.5,383.95,639.5,100.91
2/20/2012,103.24,318.89,1724.5,33.216,2149.25,370.8,641.75,103.24
2/27/2012,108.56,328.64,1773.6,35.524,2299.25,388.05,644.5,108.56
3/5/2012,106.72,321.74,1703.9,33.651,2250.75,385.25,666.25,106.72
3/12/2012,106.34,324.29,1699.8,33.374,2188.75,383.15,671.5,106.34
3/19/2012,108.09,326.13,1667.3,32.926,2234.5,390.6,663.5,108.09
3/26/2012,107.03,322.88,1685.6,32.726,2156.75,388.55,637.75,107.03
4/2/2012,105.23,324.96,1677.5,33.098,2096.5,392.1,655,105.23
4/9/2012,102.46,314.59,1642.5,31.524,2076,372,649,102.46
4/16/2012,102.93,311.66,1648.7,31.373,2025,362.8,623.25,102.93
4/23/2012,103.11,313.98,1631.9,30.531,2028.5,362.6,622.5,103.11
4/30/2012,104.87,318.34,1664.2,30.959,2086,383.35,660.25,104.87
5/7/2012,97.94,298.14,1639.1,30.072,2031.5,377.75,665,97.94
5/14/2012,94.78,292.95,1561,28.319,1983,355.7,608,94.78
5/21/2012,92.57,286.03,1588.7,28.304,2019.25,350.4,633,92.57
5/28/2012,90.86,282.88,1568.9,28.37,1994.25,344.8,578.5,90.86
6/4/2012,83.98,262.69,1612.2,28.007,1941,330.7,568,83.98
6/11/2012,82.7,263.57,1595.5,28.616,1937.75,334.3,592,82.7
6/18/2012,83.27,261.77,1625.7,28.671,1890,339.55,599.5,83.27
6/25/2012,79.21,253.85,1587.5,27.52,1836.75,331.6,631,79.21
7/2/2012,83.75,267.59,1597.7,27.468,1879,346.5,692.5,83.75
7/9/2012,85.99,274.9,1589.1,27.411,1895.25,342.6,775.25,85.99
7/16/2012,88.43,282.77,1591.6,27.297,1885.75,348.1,776.75,88.43
7/23/2012,88.14,281.89,1577.4,27.019,1862.25,338.15,814,88.14
7/30/2012,89.78,287.91,1619.7,28.033,1871.5,341.6,820,89.78
8/6/2012,92.2,294.09,1612.9,27.863,1847.25,338.9,803,92.2
8/13/2012,92.73,301.83,1609.6,27.767,1816,335.35,782.75,92.73
8/20/2012,95.97,309.31,1620.1,28.593,1812.5,337.1,815.25,95.97
8/27/2012,95.47,311.18,1672.4,31.048,1900.5,347.65,794.5,95.47
9/3/2012,96.47,316.96,1685.3,31.37,1914.5,345.4,802.75,96.47
9/10/2012,96.54,316.68,1729.2,33.574,2052.75,370,781,96.54
9/17/2012,96.62,316.34,1768,34.298,2167,381,748,96.62
9/24/2012,91.93,309.87,1762.2,33.921,2059.5,374.55,744.75,91.93
10/1/2012,92.48,313.58,1780.5,34.952,2101.5,378.55,756.75,92.48
10/8/2012,89.33,314.43,1773.5,34.017,2054.75,371.8,742,89.33
10/15/2012,91.85,320.91,1736,32.743,1935.25,370.15,737.25,91.85
10/22/2012,88.73,307.67,1725.1,32.252,1947.75,362.2,761.25,88.73
10/29/2012,85.54,311.52,1707.7,31.745,1879.75,349.45,737,85.54
11/5/2012,85.65,298.29,1683.2,31.128,1885.75,347,735.5,85.65
11/12/2012,85.57,299.92,1730.9,32.522,1954.25,346.8,718,85.57
11/19/2012,89.28,307.51,1734.4,33.189,1955,352.75,738.75,89.28
11/26/2012,87.74,304.65,1749.6,34.137,1997,353.65,747.25,87.74
12/3/2012,89.09,305.62,1719.6,33.681,2124.75,364,749,89.09
12/10/2012,85.56,289.62,1713,33.3,2126.5,369.05,726.75,85.56
12/17/2012,87.2,295.63,1697,32.206,2149.75,364.9,724,87.2
12/24/2012,88.61,300.22,1658.6,29.839,2048.75,353.4,704.25,88.61
12/31/2012,91.82,304.51,1675.8,30.227,2046.5,365.25,698.25,91.82
1/7/2013,93.19,303.21,1646.3,30.082,2032.25,367.8,685.5,93.19
1/14/2013,94.14,306.25,1669.4,31.11,2015.25,363.4,724,94.14
1/21/2013,95.56,305.25,1687,31.932,2017.75,367.9,727.5,95.56
1/28/2013,96.44,306.16,1652.9,30.78,2023.5,366.15,729.25,96.44
2/4/2013,96.17,315.4,1675.3,31.716,2081,376.85,734.25,96.17
2/11/2013,97.03,323.15,1648.2,30.91,2066.5,372.25,702.25,97.03
2/18/2013,95.86,321.04,1608.8,29.849,2077,373.7,698.75,95.86
2/25/2013,93.11,309.89,1586.2,28.987,2003.5,354.3,693.5,93.11
3/4/2013,90.12,291.91,1572.4,28.457,1935.5,348.3,723,90.12
3/11/2013,92.06,296.91,1578,28.812,1912.5,350,734.5,92.06
3/18/2013,93.74,292.67,1604.6,28.841,1893.5,341.7,720,93.74
3/25/2013,94.81,287.72,1604.5,28.785,1906.25,343.5,733.25,94.81
4/1/2013,97.07,306.87,1600,27.944,1882.5,337.45,642.25,97.07
4/8/2013,93.36,295.37,1572,27.138,1856.75,337.1,633.5,93.36
4/15/2013,88.71,282.92,1360.6,23.361,1832.25,327.3,646.75,88.71
4/22/2013,88.76,280.94,1421,23.324,1876,313.1,645.75,88.76
4/29/2013,94.5,290.07,1467.4,24.122,1868,322.55,684,94.5
5/6/2013,96.16,292.02,1468,23.918,1850.75,331,678.75,96.16
5/13/2013,95.17,289.1,1434.3,23.67,1840,336.2,718,95.17
5/20/2013,96.71,295.08,1384.1,22.568,1843.75,335.7,649.5,96.71
5/27/2013,94.15,285.69,1386.6,22.482,1816.5,329.15,657.25,94.15
6/3/2013,93.45,283.34,1411.7,22.721,1905.25,333.05,655.75,93.45
6/10/2013,95.77,288.38,1386.2,21.925,1886.75,324.1,650,95.77
6/17/2013,97.77,295.03,1382.8,21.758,1800.75,319.75,668.5,97.77
6/24/2013,95.18,285.47,1276.8,19.493,1736.6,302.45,653.25,95.18
7/1/2013,97.99,287.36,1255.7,19.56,1791,315.5,655.5,97.99
7/8/2013,103.14,298.01,1234.9,19.025,1761.25,311.15,691.75,103.14
7/15/2013,106.32,302.61,1283.5,19.826,1760,316.1,536.25,106.32
7/22/2013,106.91,306.64,1336,20.498,1818,318.95,540.75,106.91
7/29/2013,104.55,301.62,1328.4,19.854,1759.5,311.65,489.25,104.55
8/5/2013,106.56,305.22,1302.6,19.72,1760.8,316.8,469.25,106.56
8/12/2013,106.11,302.09,1334.7,21.339,1841.55,330.3,472,106.11
8/19/2013,107.1,307.1,1366.2,23.166,1865.75,333.2,493.25,107.1
8/26/2013,105.92,307.9,1393,24.01,1858.25,331.95,515.75,105.92
9/2/2013,107.65,313.95,1395.8,23.463,1789.25,322.5,495,107.65
9/9/2013,109.52,311.83,1386.4,23.668,1761.5,327.55,477.25,109.52
9/16/2013,106.59,306.37,1317.8,21.963,1735.5,322.7,456.5,106.59
9/23/2013,103.59,295.62,1327,21.805,1782.5,330.8,453.25,103.59
9/30/2013,102.33,297.1,1326.5,21.708,1806.25,332.3,441.5,102.33
10/7/2013,103.03,300.93,1324.8,22.386,1811.4,329.65,449.25,103.03
10/14/2013,102.41,303.17,1276.4,21.354,1822.75,330.3,437,102.41
10/21/2013,99.22,301.06,1315.7,22.278,1817.5,330.35,444,99.22
10/28/2013,98.68,296.44,1352,22.538,1860.5,326.9,430.75,98.68
11/4/2013,94.62,287.41,1314.7,21.7,1783.25,325.3,426.25,94.62
11/11/2013,95.14,289.13,1281.1,21.282,1766.5,325.95,434.75,95.14
11/18/2013,93.03,292.22,1272.3,20.357,1736.75,314.95,412,93.03
11/25/2013,94.09,303.21,1241.2,19.882,1739.25,322.5,424.75,94.09
12/2/2013,93.82,305.01,1222.3,19.233,1703.75,321.75,416.5,93.82
12/9/2013,97.34,301.43,1235.3,19.644,1750.75,329.55,428.5,97.34
12/16/2013,97.48,299.02,1245.5,20.049,1748.25,337.6,423.25,97.48
12/23/2013,98.91,306.01,1198.4,19.378,1725,335.05,434.25,98.91
12/30/2013,99.29,307.72,1203.8,19.615,1784.25,338.25,423.5,99.29
1/6/2014,93.43,293.88,1238,20.103,1739.25,335.95,427.75,93.43
1/13/2014,91.8,293.33,1251.1,20.385,1734.5,334.65,434.5,91.8
1/20/2014,94.37,302.37,1251.9,20.304,1777.25,334.45,424,94.37
1/27/2014,95.72,309.24,1263.4,19.793,1721.25,325.9,431.75,95.72
2/3/2014,96.43,300.75,1260.4,19.409,1640.55,318.35,435.75,96.43
2/10/2014,100.06,299.81,1274.8,20.112,1662.25,322.45,443,100.06
2/17/2014,100.3,307.82,1319,21.421,1689.25,326.45,445.25,100.3
2/24/2014,102.82,308.72,1338.3,22.051,1730,327,451.5,102.82
3/3/2014,104.92,308.05,1350.3,21.448,1682.75,322.05,464,104.92
3/10/2014,101.12,296.74,1341.5,20.879,1736.25,311.05,472,101.12
3/17/2014,98.08,289.08,1372.9,21.249,1681.25,300.2,479,98.08
3/24/2014,99.6,291.16,1311.2,20.043,1699.75,298.95,490,99.6
3/31/2014,101.58,293.2,1283.4,19.752,1751,302.55,502,101.58
4/7/2014,100.44,289.07,1298,19.907,1784.75,303.95,499.25,100.44
4/14/2014,104.05,297.91,1327.2,20.01,1844,304.75,503,104.05
4/21/2014,104.37,301.17,1288,19.351,1842.5,304.3,488.5,104.37
4/28/2014,100.84,295.19,1298.9,19.588,1798.75,311,507.75,100.84
5/5/2014,99.48,290.64,1309.3,19.52,1750.25,307.1,503.25,99.48
5/12/2014,100.59,291.85,1295.8,19.5,1746,316.65,497.5,100.59
5/19/2014,102.61,294.09,1293.8,19.322,1732.25,317.95,477.25,102.61
5/26/2014,104.35,295.49,1291.7,19.388,1786.25,318,478,104.35
6/2/2014,102.47,287.73,1243.7,18.739,1823.75,317.05,465.5,102.47
6/9/2014,104.41,289.12,1253.5,19.066,1889.5,304.35,451,104.41
6/16/2014,106.9,299.79,1274.9,19.715,1809.25,305,441,106.9
6/23/2014,106.17,303.26,1318,20.916,1864,314.95,444.5,106.17
6/30/2014,105.37,297.08,1322,21.007,1863.75,318.8,424.25,105.37
7/7/2014,103.53,291.45,1317,20.966,1895.25,324.85,409.25,103.53
7/14/2014,100.91,287.29,1306.7,20.864,1921.75,323.85,390.25,100.91
7/21/2014,104.59,285.88,1313.9,20.966,2016.5,318.65,364,104.59
7/28/2014,101.67,288.79,1303.3,20.526,2009.75,323.1,367.75,101.67
8/4/2014,98.29,287.12,1287.7,20.233,2020,324.4,358.75,98.29
8/11/2014,98.08,287.92,1308.5,20.095,2023.25,317.45,356.75,98.08
8/18/2014,96.41,280.6,1297.7,19.635,2017.75,310.9,360.75,96.41
8/25/2014,93.35,283.69,1277.3,19.358,2046,321.8,360,93.35
9/1/2014,95.96,285.69,1286.5,19.398,2078.75,313.5,359,95.96
9/8/2014,92.66,280.94,1253.2,18.887,2066.25,315.75,339.25,92.66
9/15/2014,92.92,273.96,1234.1,18.556,1952.25,308.1,343,92.92
9/22/2014,91.52,268.71,1216.8,17.699,1952,303.8,330.25,91.52
9/29/2014,94.57,270.41,1217.5,17.567,1936,305.65,325.75,94.57
10/6/2014,90.34,262.13,1206.7,17.225,1902.25,303.55,332.5,90.34
10/13/2014,85.74,255.68,1229.3,17.345,1916,304.05,346,85.74
10/20/2014,82.71,248.56,1244,17.354,1972.5,298.8,348.25,82.71
10/27/2014,81,247.53,1229.1,17.161,1987,306.4,363,81
11/3/2014,78.78,248.99,1169.8,16.201,2083,306.5,373.5,78.78
11/10/2014,77.4,246.93,1159.8,15.671,2041.5,302,369.25,77.4
11/17/2014,75.64,240.39,1183.5,16.057,2042,303.95,377.5,75.64
11/24/2014,75.78,239.55,1195.7,16.376,2058.75,300,367.5,75.78
12/1/2014,69,221.24,1218,16.648,2028,293.05,375.5,69
12/8/2014,63.05,205.49,1194.7,16.216,1948.5,291.05,377.5,63.05
12/15/2014,55.91,200.17,1207.2,16.527,1895.75,289.8,408.5,55.91
12/22/2014,55.26,195.14,1179.7,15.649,1866,290.35,411.75,55.26
12/29/2014,53.61,184.91,1181.7,15.744,1844.5,283.8,412.75,53.61
1/5/2015,50.04,174.92,1204,16.213,1794.25,276.6,406,50.04
1/12/2015,46.07,165.41,1232.8,16.564,1794.75,272.55,402,46.07
1/19/2015,48.69,166.56,1276.9,17.75,1815.75,261.7,387,48.69
1/26/2015,45.15,163.98,1279.4,17.983,1871.75,254.3,384,45.15
2/2/2015,49.57,175.75,1276.2,17.251,1856.75,249,369.75,49.57
2/9/2015,52.86,187.29,1240.8,17.07,1860.5,258.05,391.25,52.86
2/16/2015,52.78,197.14,1226.5,17.294,1804.5,260.5,387.25,52.78
2/23/2015,49.45,221.79,1200.3,16.254,1782.25,259.25,378.75,49.45
3/2/2015,49.59,188.73,1208.2,16.407,1795.25,271.1,378.75,49.59
3/9/2015,50,183.98,1166.5,15.755,1769.75,268.7,383.25,50
3/16/2015,43.88,169.86,1153.2,15.601,1772.5,267.75,379,43.88
3/23/2015,47.45,173.07,1187.7,16.872,1793.75,280.8,390.25,47.45
3/30/2015,48.68,173.12,1184.8,16.674,1797.75,278.15,394.5,48.68
4/6/2015,52.14,176.43,1218.6,17.11,1784.5,271.7,385,52.14
4/13/2015,51.91,178.33,1199.3,16.291,1775,271.9,370.5,51.91
4/20/2015,56.38,187.71,1193.5,15.889,1800.25,273.25,378,56.38
4/27/2015,56.99,192.14,1203.3,16.394,1827.75,277,360.75,56.99
5/4/2015,58.93,197.87,1186.8,16.418,1897.25,292.4,358.75,58.93
5/11/2015,59.25,194.54,1183,16.298,1849.25,291.75,358.25,59.25
5/18/2015,59.43,198.68,1227.6,17.712,1783,293,368,59.43
5/25/2015,59.72,195.25,1204,17.03,1741.5,283.35,360,59.72
6/1/2015,60.2,192.64,1188.3,16.68,1729.75,272,352.25,60.2
6/8/2015,58.14,185.48,1173.2,15.959,1714,269.65,365.25,58.14
6/15/2015,59.52,187.03,1185.3,16.083,1676.75,264.7,348.25,59.52
6/22/2015,59.68,186.94,1183.7,16.142,1680.25,256.7,360,59.68
6/29/2015,58.33,183.66,1179,15.664,1668.25,263.85,383.25,58.33
7/6/2015,52.53,170.89,1173.2,15.726,1656.25,254.3,418.5,52.53
7/13/2015,52.2,171.87,1155.4,15.436,1673.25,255.55,433.5,52.2
7/20/2015,50.15,165.84,1106.8,14.745,1660,248.4,405,50.15
7/27/2015,47.39,159.56,1096.4,14.594,1610.5,235.05,373,47.39
8/3/2015,45.17,153.05,1089.4,14.515,1583.75,234.6,366.5,45.17
8/10/2015,44.96,159.21,1104.2,15.292,1589.25,240,390.25,44.96
8/17/2015,41.87,155.48,1118.6,15.298,1537.5,232.1,363.25,41.87
8/24/2015,38.24,139.29,1153.4,14.762,1507.5,225.9,368.75,38.24
8/31/2015,49.2,167.36,1132,14.577,1595.5,233.8,363.75,49.2
9/7/2015,46.05,159.6,1120.9,14.544,1583.75,231.95,349.5,46.05
9/14/2015,44,150.35,1107.5,14.357,1602.75,241.4,379,44
9/21/2015,46.68,151.4,1133.1,15.216,1622,239.85,384.5,46.68
9/28/2015,44.43,147.72,1131.7,14.538,1548.25,225.6,386.75,44.43
10/5/2015,46.26,154.83,1138.1,15.708,1559.5,235.55,393.5,46.26
10/12/2015,47.1,150.24,1164.9,15.864,1580.5,241.55,380.75,47.1
10/19/2015,45.89,144.91,1173.3,15.841,1521.5,236.75,373,45.89
10/26/2015,43.98,142.59,1167,15.905,1450,235.7,384.5,43.98
11/2/2015,46.14,150.69,1135.9,15.408,1468.25,231.9,376.5,46.14
11/9/2015,43.87,147.74,1088.1,14.413,1502,223,366.75,43.87
11/16/2015,41.74,138.51,1083.6,14.222,1451,211.55,360,41.74
11/23/2015,41.75,137.43,1066.8,14.032,1435.5,202.1,367.25,41.75
11/30/2015,41.65,133.69,1065.8,14.05,1444.25,204.45,365,41.65
12/7/2015,37.65,127.96,1076.4,14.307,1480.75,204.45,368.5,37.65
12/14/2015,36.31,112.77,1064.7,13.666,1500.5,210.4,381.75,36.31
12/21/2015,34.74,110.04,1081.9,14.301,1508.75,212.9,372,34.74
12/28/2015,36.81,109.04,1070.5,13.873,1531,206.65,361,36.81
1/4/2016,36.76,112.64,1075.2,13.841,1472.5,207.95,351.5,36.76
1/11/2016,31.41,101.49,1096.2,13.866,1458.75,197.25,351.75,31.41
1/18/2016,29.42,93.43,1090.7,13.896,1489.25,194.35,363.25,29.42
1/25/2016,30.34,93.53,1105.3,14.254,1478.75,199.8,369.75,30.34
2/1/2016,31.62,103.65,1127.9,14.343,1524.25,205.55,371.25,31.62
2/8/2016,29.69,104.64,1197.9,15.426,1497,209.05,362.25,29.69
2/15/2016,29.44,106.93,1239.1,15.79,1514,202.9,358.75,29.44
2/22/2016,31.48,105.51,1209.5,15.184,1576.25,211.5,367.5,31.48
2/29/2016,33.75,107.6,1234.4,14.896,1572.25,212.85,353.5,33.75
3/7/2016,37.9,122.25,1264,15.623,1592,228.05,355,37.9
3/14/2016,37.18,119.65,1245.1,15.518,1528.5,223.7,366.75,37.18
3/21/2016,39.91,123.74,1244.2,15.841,1500,228.95,369.5,39.91
3/28/2016,39.39,118.01,1220.1,15.194,1469.25,224.15,370.5,39.39
4/4/2016,35.7,108.89,1218,14.944,1521.5,214.05,354.5,35.7
4/11/2016,40.36,121.47,1256.7,15.976,1497.25,209.05,356.75,40.36
4/18/2016,39.78,123.59,1233.6,16.253,1582,216.45,381,39.78
4/25/2016,42.64,129.03,1238.9,17.009,1650,225.25,377,42.64
5/2/2016,44.78,135.55,1295.8,17.656,1673.75,226.15,390.25,44.78
5/9/2016,43.44,128.63,1266.6,17.07,1546.25,210.4,367.75,43.44
5/16/2016,47.72,144.01,1274.2,17.142,1532,209.1,394,47.72
5/23/2016,48.08,147.75,1251.5,16.41,1546.25,205.75,397.75,48.08
5/30/2016,49.33,149.4,1213.8,16.269,1547.25,211.4,412.75,49.33
6/6/2016,49.69,150.31,1244.6,16.447,1545.25,211.75,427.25,49.69
6/13/2016,48.88,151.45,1284.4,17.443,1603,205.35,430,48.88
6/20/2016,49.37,152.74,1290,17.514,1626.4,209.3,421.25,49.37
6/27/2016,46.33,142.92,1322.5,17.744,1589.75,212.2,385.25,46.33
7/4/2016,48.99,151.15,1339,19.544,1643.75,221.5,353,48.99
7/11/2016,44.76,141.63,1356.6,20.264,1641.5,214.7,343.75,44.76
7/18/2016,45.24,137.78,1329.3,20.044,1644.75,223.4,357,45.24
7/25/2016,43.13,132.28,1319.5,19.615,1594.25,221.6,334.75,43.13
8/1/2016,40.06,125.79,1351.4,20.5,1626,219.95,325.75,40.06
8/8/2016,43.02,134.36,1333.4,19.805,1630.5,216.5,325.25,43.02
8/15/2016,45.74,144.99,1340.3,19.847,1665.75,215.15,326.5,45.74
8/22/2016,47.05,148.64,1337.7,18.859,1659.25,214,333.25,47.05
8/29/2016,46.98,148.62,1322.9,18.768,1632.5,207.45,311.75,46.98
9/5/2016,44.44,140.96,1323.2,19.276,1565.25,207.15,316.5,44.44
9/12/2016,46.29,144.15,1321.6,18.915,1549.75,209.6,329.25,46.29
9/19/2016,43.3,139.44,1313.8,19.206,1568.5,214.9,337.25,43.3
9/26/2016,45.93,144.9,1339.8,19.516,1651.5,219,329,45.93
10/3/2016,48.81,155.32,1309,18.868,1668.5,219.2,346,48.81
10/10/2016,51.35,161.02,1257.5,17.659,1682.5,219.75,343.25,51.35
10/17/2016,49.94,155.61,1254.4,17.474,1655.75,210.7,354,49.94
10/24/2016,50.52,157.98,1262,17.604,1624.75,209.3,348.25,50.52
10/31/2016,46.86,149.55,1273.1,17.796,1734,220.5,354.75,46.86
11/7/2016,44.89,144.06,1279.4,18.151,1721.75,230.95,346.25,44.89
11/14/2016,43.32,138.55,1221.7,16.893,1745,252.1,337.25,43.32
11/21/2016,47.49,152.45,1209.8,16.521,1724.25,251.5,349.75,47.49
11/28/2016,47.08,151.28,1190.8,16.583,1747.75,265.65,348.5,47.08
12/5/2016,51.79,165.71,1174,16.824,1737.25,268.9,349.5,51.79
12/12/2016,52.83,167.17,1163.5,17.116,1736.75,261.3,354.5,52.83
12/19/2016,52.12,166.9,1140.5,16.026,1720.75,249.65,353.25,52.12
12/26/2016,53.02,166.28,1131.9,15.704,1721.25,247.25,345.75,53.02
1/2/2017,53.72,170.43,1151.7,15.989,1694,250.55,352,53.72
1/9/2017,51.96,163.76,1184.9,16.683,1728.75,253.85,360,51.96
1/16/2017,52.37,165.14,1196.2,16.765,1797.5,269,358.5,52.37
1/23/2017,52.75,162.65,1215.6,17.186,1845.75,264.75,369.5,52.75
1/30/2017,52.63,160.67,1193.2,17.152,1789.75,265.5,357.75,52.63
2/6/2017,53.01,163.52,1230,17.693,1819,265.15,363.75,53.01
2/13/2017,52.93,162.73,1224.4,17.821,1868,278.3,375.5,52.93
2/20/2017,53.4,163.64,1237.6,18.03,1892,270.7,368.25,53.4
2/27/2017,54.05,163.99,1258.8,18.354,1899.5,268.75,360.25,54.05
3/6/2017,53.2,160.45,1225.5,17.725,1866.75,264.3,372.75,53.2
3/13/2017,48.4,150.06,1203.1,16.935,1865.5,261.65,354.5,48.4
3/20/2017,48.22,151.41,1234,17.403,1916.25,265.55,363.5,48.22
3/27/2017,47.73,150.25,1255.7,18.08,1924.75,262.5,355.75,47.73
4/3/2017,50.24,156.34,1250.8,18.212,1942.75,260.35,367.75,50.24
4/10/2017,53.08,164.73,1251.1,17.915,1912.75,260.4,367,53.08
4/17/2017,52.65,163.29,1289.4,18.514,1895,259.6,366.5,52.65
4/24/2017,49.23,154.27,1275.8,17.858,1937.25,255.25,359.25,49.23
5/1/2017,48.84,148.78,1255.5,16.78,1904,265,369.25,48.84
5/8/2017,46.43,145.56,1227.1,16.199,1872.75,248.55,356.75,46.43
5/15/2017,48.85,150.96,1230,16.561,1902.25,253.3,367.75,48.85
5/22/2017,50.73,160.21,1261.4,17.143,1932,258.9,375,50.73
5/29/2017,49.8,156.33,1268.1,17.283,1944.25,255.95,374.25,49.8
6/5/2017,47.4,145.93,1279.3,17.581,1895.55,255.75,373,47.4
6/12/2017,46.08,142.54,1266.1,16.944,1876,261.55,377.25,46.08
6/19/2017,44.2,141.11,1244.2,16.502,1874.5,258.95,375.25,44.2
6/26/2017,43.38,138.02,1246.3,16.572,1853.5,262.55,359,43.38
7/3/2017,47.07,151.28,1219.2,16.037,1918,268.1,378,47.07
7/10/2017,44.4,145.36,1213.2,15.577,1886,263.95,391.75,44.4
7/17/2017,46.02,149.95,1233.7,16.05,1896.25,271.7,375,46.02
7/24/2017,46.34,151.69,1254.3,16.398,1896.25,272.9,377.25,46.34
7/31/2017,50.17,165.19,1266.6,16.786,1899.75,289.15,370.75,50.17
8/7/2017,49.39,163.98,1258.2,16.251,1948.25,290.7,372.25,49.39
8/14/2017,47.59,160.57,1284.2,17.122,2027.25,290.45,362.75,47.59
8/21/2017,47.37,157.12,1290.8,17.015,2069.25,298.05,349,47.37
8/28/2017,46.57,163.52,1309.7,17.441,2057.25,306.3,336,46.57
9/4/2017,47.29,174.68,1326.6,17.719,2104,309.8,340,47.29
9/11/2017,48.07,174.27,1331.8,17.807,2095.5,304.6,345.5,48.07
9/18/2017,49.91,177.96,1306.9,17.071,2060.25,294.9,351.5,49.91
9/25/2017,52.22,185.63,1307.1,17.059,2129.5,291.75,353.75,52.22
10/2/2017,50.58,176.65,1272.7,16.654,2085.75,295.55,351.5,50.58
10/9/2017,49.58,173.52,1281.8,16.971,2153,303.1,349.5,49.58
10/16/2017,51.87,181.29,1299.9,17.369,2110,323.9,350.5,51.87
10/23/2017,51.9,178.78,1277.7,17.075,2125.75,318.8,351.25,51.9
10/30/2017,54.15,187.77,1277.7,16.847,2149.25,311.2,348.75,54.15
11/6/2017,57.35,194.22,1281.6,17.235,2155,315.75,348,57.35
11/13/2017,56.76,193.21,1278.9,17.047,2089.1,311.65,342.25,56.76
11/20/2017,56.09,193.21,1275.3,16.842,2074.5,309.3,345,56.09
11/27/2017,58.11,194.78,1294.4,17.02,2122.75,313.45,338.75,58.11
12/4/2017,57.47,189.45,1274.3,16.284,2052.75,306.3,339.5,57.47
12/11/2017,57.99,195.06,1243.7,15.697,2002.5,298.8,336.5,57.99
12/18/2017,57.16,192.52,1262.2,16.12,2056.5,312.2,347,57.16
12/25/2017,58.47,196.94,1275.4,16.357,2183.75,321.45,352,58.47
1/1/2018,60.42,207.55,1309.3,17.145,2258.25,330.05,350.75,60.42
1/8/2018,61.73,204.54,1320.4,17.144,2161.25,322.4,347.25,61.73
1/15/2018,64.3,208.5,1334.9,17.141,2216.75,321.85,346.25,64.3
1/22/2018,63.49,205.69,1331.9,16.989,2249.5,319.85,352,63.49
1/29/2018,65.56,210.48,1340.3,17.127,2226.5,319.4,358.75,65.56
2/5/2018,64.15,201.96,1333,16.671,2212.75,322.1,358.75,64.15
2/12/2018,59.29,183.89,1324.2,16.57,2123.75,308.65,367,59.29
2/19/2018,61.68,191.04,1353.2,16.712,2264,324.85,367.5,61.68
2/26/2018,63.91,198.59,1330.7,16.55,2131.25,319.75,368.5,63.91
3/5/2018,62.57,189.67,1319.9,16.338,2138,310.55,378.25,62.57
3/12/2018,61.36,186.47,1320.8,16.471,2072.5,310.4,384.25,61.36
3/19/2018,62.06,190.7,1317.8,16.255,2065.5,306.95,375,62.06
3/26/2018,65.55,201.5,1355,16.632,2036.25,296.05,374,65.55
4/2/2018,63.01,198.02,1342.1,16.672,1990.75,305,387.25,63.01
4/9/2018,63.42,199.66,1336.3,16.529,2151,307.7,390.75,63.42
4/16/2018,66.22,207.03,1347.5,16.677,2411,309.55,382.5,66.22
4/23/2018,68.64,214.09,1322.5,16.587,2296,311.05,378.5,68.64
4/30/2018,68.57,216.74,1319.2,16.312,2263.5,305.25,392.5,68.57
5/7/2018,70.73,218.5,1314.1,16.413,2374,305.95,393.25,70.73
5/14/2018,70.96,224.96,1318.2,16.57,2316,307.85,389,70.96
5/21/2018,72.24,227.38,1290.9,16.452,2290.75,308.55,402.75,72.24
5/28/2018,67.88,220.98,1303.7,16.481,2267.5,306.7,406,67.88
6/4/2018,64.75,215.25,1293.1,16.431,2327,313.45,380.75,64.75
6/11/2018,66.1,216.07,1298.9,16.952,2308,325.7,367.25,66.1
6/18/2018,65.85,213.16,1276.2,16.44,2221,310.65,356,65.85
6/25/2018,68.08,210.04,1265.6,16.328,2174,298.7,350.5,68.08
7/2/2018,73.94,215.58,1241.7,15.744,2130,293.15,337.5,73.94
7/9/2018,73.85,219.57,1259.6,16.053,2146.5,283.9,345.75,73.85
7/16/2018,68.06,205.43,1239.7,15.735,2106.5,275.7,341.75,68.06
7/23/2018,67.89,211.8,1225.6,15.368,2057.75,273.7,357.25,67.89
7/30/2018,70.13,217.1,1221.3,15.537,2080.5,279.2,367.25,70.13
8/6/2018,69.01,213.93,1208.6,15.348,2020.5,273.15,371,69.01
8/13/2018,67.2,213.7,1191.3,14.982,2063.5,273.1,356.5,67.2
8/20/2018,66.43,211.38,1186.8,14.67,2044,266.85,362,66.43
8/27/2018,68.87,221.49,1209,14.859,2081.75,270.85,346.75,68.87
9/3/2018,69.8,224.13,1201.6,14.438,2076.25,264.9,351,69.8
9/10/2018,67.54,221.78,1194.5,14.079,2060.25,261.05,355.5,67.54
9/17/2018,68.91,220.64,1201.2,14.122,1999,263.35,348,68.91
9/24/2018,72.08,228.59,1199.6,14.251,2041.5,281.6,360.5,72.08
10/1/2018,75.3,240.79,1187.1,14.507,2079,278.75,365.75,75.3
10/8/2018,74.29,239.42,1184.4,14.329,2067.5,276.7,366.5,74.29
10/15/2018,71.78,232.57,1226.4,14.727,2025.5,278.85,378.25,71.78
10/22/2018,69.17,231.81,1221.2,14.587,2010,278.55,369.5,69.17
10/29/2018,67.04,228.43,1224.5,14.442,1975.75,274.05,366.75,67.04
11/5/2018,63.1,219.63,1232.3,14.647,1964,275.6,374,63.1
11/12/2018,59.93,215.56,1203.5,14.011,1934,267.65,371.25,59.93
11/19/2018,56.76,208.64,1225.3,14.403,1916.5,279.9,362.25,56.76
11/26/2018,51.63,189.3,1222.4,14.205,1952.5,275.55,356,51.63
12/3/2018,52.95,188.75,1233.9,14.381,1981.75,279.95,371.25,52.95
12/10/2018,51,184.41,1243.7,14.478,1933.75,271.85,374.25,51
12/17/2018,49.88,182.67,1247.4,14.639,1943.25,275.3,384,49.88
12/24/2018,42.53,166.22,1267.5,14.701,1869.75,266.85,377.75,42.53
12/31/2018,45.41,168.08,1281.3,15.54,1822.75,263.1,375,45.41
1/7/2019,48.52,177.84,1289.9,15.756,1860.25,263.7,382.25,48.52
1/14/2019,50.51,185.25,1291.3,15.686,1799,263.5,378.5,50.51
1/21/2019,53.8,191.6,1282.6,15.399,1850.5,271.9,381.75,53.8
1/28/2019,51.99,183.77,1303.1,15.765,1856.5,268,379.75,51.99
2/4/2019,54.56,190.74,1314.3,15.886,1903.5,279.45,379.25,54.56
2/11/2019,52.41,189.22,1307,15.69,1860.75,279,372.75,52.41
2/18/2019,55.59,202.03,1318.1,15.743,1824.5,279.85,374.75,55.59
2/25/2019,55.48,197.46,1325.9,15.83,1888.5,294.5,370.5,55.48
3/4/2019,56.59,201.43,1287.5,15.017,1855,291.1,365,56.59
3/11/2019,56.79,199.42,1291.1,15.197,1819.75,290,352.5,56.79
3/18/2019,59.09,196.9,1301.5,15.251,1899.5,290.35,371.5,59.09
3/25/2019,58.82,198.04,1322.6,15.507,1865.25,284.95,379.75,58.82
4/1/2019,61.59,198.81,1288.4,15.099,1883,292.45,361.75,61.59
4/8/2019,64.4,205.71,1297.1,15.216,1848.25,293.2,360,64.4
4/15/2019,63.4,206.1,1286.8,14.975,1848,293.5,362.75,63.4
4/22/2019,65.7,210.4,1273.5,14.975,1850.25,290.15,354.75,65.7
4/29/2019,63.5,205.49,1281.5,14.844,1803.75,289.5,352,63.5
5/6/2019,62.25,206.76,1283.8,14.857,1769.5,283.7,355.75,62.25
5/13/2019,61.04,203.84,1301.8,14.713,1777.5,272.95,347.5,61.04
5/20/2019,63.1,207.36,1277.3,14.409,1777.5,273.6,389,63.1
5/27/2019,58.63,197.13,1283.6,14.52,1780,270.65,404.25,58.63
6/3/2019,53.25,180.65,1322.7,14.74,1757.75,265,424.25,53.25
6/10/2019,53.26,180.63,1324.7,14.639,1749,266.15,415.75,53.26
6/17/2019,51.93,179.95,1338.7,14.829,1728.25,264.65,454.75,51.93
6/24/2019,57.9,190.89,1414.3,15.377,1776,270.55,446.75,57.9
7/1/2019,59.09,195.38,1389.3,15.106,1775,267.95,412,59.09
7/8/2019,57.66,189.53,1400,14.972,1792.5,265.6,438.5,57.66
7/15/2019,59.58,195.16,1413.5,15.29,1824,270.75,441,59.58
7/22/2019,56.22,189.95,1426.9,16.34,1799.75,271.45,422.25,56.22
7/29/2019,56.87,191.06,1420.4,16.368,1796.5,270.95,417,56.87
8/5/2019,54.69,183.56,1464.6,16.393,1743.25,254.4,405.25,54.69
8/12/2019,54.93,180.58,1505.3,17.071,1743,258.5,385.25,54.93
8/19/2019,56.21,183.31,1500.4,16.94,1763,260.15,365,56.21
8/26/2019,53.64,179.24,1526.3,17.641,1754.25,254.35,358.5,53.64
9/2/2019,55.1,182.82,1523,18.185,1729,253.3,358,55.1
9/9/2019,57.85,192.77,1504.5,18.019,1777.75,261.05,340.75,57.85
9/16/2019,62.9,208.38,1504.8,17.901,1761.5,262.1,374,62.9
9/23/2019,58.64,199.7,1524,18.6,1776.25,259.45,373.25,58.64
9/30/2019,54.07,190.56,1465.7,16.998,1707.5,257.85,388,54.07
10/7/2019,52.75,190.33,1497.7,17.54,1741.25,257.7,387,52.75
10/14/2019,53.59,191.51,1491.7,17.71,1709.25,263.4,397.75,53.59
10/21/2019,53.31,194.06,1482.4,17.602,1734,264.65,387.25,53.31
10/28/2019,55.81,196.18,1490,17.876,1740.75,268.3,384,55.81
11/4/2019,56.54,194.05,1511.1,18.066,1827.75,267.1,383.25,56.54
11/11/2019,56.86,191.42,1457.1,16.802,1784.75,266.4,373.25,56.86
11/18/2019,57.05,190.47,1471.9,17,1740,262,367.75,57.05
11/25/2019,58.01,194.43,1456.9,16.886,1741.25,264.75,370.5,58.01
12/2/2019,55.96,188.6,1462.3,16.836,1801.25,263.25,373.5,55.96
12/9/2019,59.02,194.42,1459.3,16.532,1755,274.65,365.75,59.02
12/16/2019,60.21,200.45,1475,17.019,1770,282.05,388,60.21
12/23/2019,60.52,202.22,1482.5,17.403,1786.25,281.7,388.75,60.52
12/30/2019,61.68,204.06,1518.6,18.001,1807.5,283.35,388.25,61.68
1/6/2020,63.27,203.39,1568.8,18.179,1805.5,279,384.75,63.27
1/13/2020,58.08,189.8,1550.6,17.996,1775,286.1,389.5,58.08
1/20/2020,58.54,185.92,1560.3,18.073,1799,284.55,389.25,58.54
1/27/2020,53.14,167.95,1577.4,18.056,1749.75,259.65,380.5,53.14
2/3/2020,50.11,157.79,1577.2,17.67,1665,250.7,378.75,50.11
2/10/2020,49.57,161.25,1574.7,17.785,1678.5,255.05,381.75,49.57
2/17/2020,52.05,169.82,1582.7,17.734,1692.5,259.95,377.75,52.05
2/24/2020,51.43,161.32,1672.4,18.876,1687.25,257.7,372.25,51.43
,,,,,,,,
,,,,,,,,
,,,,,,,,
,,,,,,,,
,,,,,,,,
,,,,,,,,
,,,,,,,,
,,,,,,,,
